first_name,last_name,dob,citizenship,email
John,Doe,1985-03-15,USA,john.doe@email.com
Jane,Smith,1992-07-22,Canada,jane.smith@email.com
Robert,Jones,1978-11-08,UK,robert.jones@email.com
Mary,Brown,1988-04-12,Australia,mary.brown@email.com
Michael,Davis,1995-09-29,Germany,michael.davis@email.com
Jennifer,Wilson,1975-01-18,France,jennifer.wilson@email.com
David,Garcia,1982-06-05,Spain,david.garcia@email.com
Linda,Rodriguez,1990-12-14,Mexico,linda.rodriguez@email.com
Christopher,Williams,1979-08-21,Italy,christopher.williams@email.com
Barbara,Anderson,1987-02-28,Brazil,barbara.anderson@email.com
Daniel,Thomas,1993-10-06,Japan,daniel.thomas@email.com
Sarah,Jackson,1976-05-23,China,sarah.jackson@email.com
Anthony,White,1980-11-19,India,anthony.white@email.com
Jessica,Harris,1989-07-07,Russia,jessica.harris@email.com
Andrew,Martin,1991-03-31,South Korea,andrew.martin@email.com
Ashley,Thompson,1977-09-13,Switzerland,ashley.thompson@email.com
Kevin,Perez,1983-04-26,Netherlands,kevin.perez@email.com
Emily,Clark,1994-11-20,Sweden,emily.clark@email.com
Brian,Lewis,1974-02-09,Norway,brian.lewis@email.com
Amanda,Robinson,1986-08-03,Denmark,amanda.robinson@email.com
Justin,Walker,1992-05-17,Finland,justin.walker@email.com
Melissa,Hall,1979-12-28,Austria,melissa.hall@email.com
Stephanie,Allen,1984-09-09,Belgium,stephanie.allen@email.com
Jason,Young,1995-06-24,Portugal,jason.young@email.com
Deborah,Hernandez,1973-03-05,Greece,deborah.hernandez@email.com
Timothy,King,1981-10-12,Ireland,timothy.king@email.com
Rebecca,Wright,1990-01-27,Turkey,rebecca.wright@email.com
Jeffrey,Lopez,1977-07-19,Israel,jeffrey.lopez@email.com
Ryan,Hill,1988-06-01,Poland,ryan.hill@email.com